map_name,map_size,obstacles_number,num_agents,solver,solved,soc,makespan,simulation_time
empty-48-48.map,2304,0,50,DCMAPF,True,1398,61,2.8
empty-48-48.map,2304,0,50,DCMAPF,True,1606,63,2.8
empty-48-48.map,2304,0,50,DCMAPF,True,1447,60,2.9
empty-48-48.map,2304,0,50,DCMAPF,True,1871,63,3.0
empty-48-48.map,2304,0,50,DCMAPF,True,1636,67,3.2
empty-48-48.map,2304,0,50,DCMAPF,True,1674,67,3.2
empty-48-48.map,2304,0,50,DCMAPF,True,1524,64,3.1
empty-48-48.map,2304,0,50,DCMAPF,True,1702,69,3.2
empty-48-48.map,2304,0,50,DCMAPF,True,1593,56,3.2
empty-48-48.map,2304,0,50,DCMAPF,True,1719,74,3.3
empty-48-48.map,2304,0,50,DCMAPF,True,1380,77,3.2
empty-48-48.map,2304,0,50,DCMAPF,True,1631,63,3.3
empty-48-48.map,2304,0,50,DCMAPF,True,1679,72,3.3
empty-48-48.map,2304,0,50,DCMAPF,True,1683,66,3.4
empty-48-48.map,2304,0,50,DCMAPF,True,1398,69,3.3
empty-48-48.map,2304,0,50,DCMAPF,True,1698,70,3.3
empty-48-48.map,2304,0,50,DCMAPF,True,1778,73,3.4
empty-48-48.map,2304,0,50,DCMAPF,True,1795,77,3.3
empty-48-48.map,2304,0,50,DCMAPF,True,1748,63,3.4
empty-48-48.map,2304,0,50,DCMAPF,True,1630,68,3.4
empty-48-48.map,2304,0,50,DCMAPF,True,1905,76,3.6
empty-48-48.map,2304,0,50,DCMAPF,True,1670,74,3.5
empty-48-48.map,2304,0,50,DCMAPF,True,1870,68,3.4
empty-48-48.map,2304,0,50,DCMAPF,True,1649,80,3.5
empty-48-48.map,2304,0,50,DCMAPF,True,1838,76,3.7
empty-48-48.map,2304,0,100,DCMAPF,True,3241,64,11.6
empty-48-48.map,2304,0,100,DCMAPF,True,2848,61,11.7
empty-48-48.map,2304,0,100,DCMAPF,True,3543,64,11.8
empty-48-48.map,2304,0,100,DCMAPF,True,3579,71,12.1
empty-48-48.map,2304,0,100,DCMAPF,True,3344,74,12.1
empty-48-48.map,2304,0,100,DCMAPF,True,3032,78,12.1
empty-48-48.map,2304,0,100,DCMAPF,True,3504,76,12.3
empty-48-48.map,2304,0,100,DCMAPF,True,3252,70,12.3
empty-48-48.map,2304,0,100,DCMAPF,True,3248,69,12.2
empty-48-48.map,2304,0,100,DCMAPF,True,3398,74,12.5
empty-48-48.map,2304,0,100,DCMAPF,True,3636,68,12.5
empty-48-48.map,2304,0,100,DCMAPF,True,3349,77,12.7
empty-48-48.map,2304,0,100,DCMAPF,True,3139,73,12.6
empty-48-48.map,2304,0,100,DCMAPF,True,3264,70,12.6
empty-48-48.map,2304,0,100,DCMAPF,True,3410,73,12.8
empty-48-48.map,2304,0,100,DCMAPF,True,3526,63,12.7
empty-48-48.map,2304,0,100,DCMAPF,True,3281,80,12.8
empty-48-48.map,2304,0,100,DCMAPF,True,3289,71,12.8
empty-48-48.map,2304,0,100,DCMAPF,True,3164,81,12.7
empty-48-48.map,2304,0,100,DCMAPF,True,3350,75,12.7
empty-48-48.map,2304,0,100,DCMAPF,True,3651,76,12.9
empty-48-48.map,2304,0,100,DCMAPF,True,3187,83,12.9
empty-48-48.map,2304,0,100,DCMAPF,True,3466,68,13.0
empty-48-48.map,2304,0,100,DCMAPF,True,3405,80,13.0
empty-48-48.map,2304,0,100,DCMAPF,True,3595,81,13.0
empty-48-48.map,2304,0,150,DCMAPF,True,5081,67,21.3
empty-48-48.map,2304,0,150,DCMAPF,True,4876,70,21.4
empty-48-48.map,2304,0,150,DCMAPF,True,4981,67,21.4
empty-48-48.map,2304,0,150,DCMAPF,True,5410,70,21.8
empty-48-48.map,2304,0,150,DCMAPF,True,4506,73,22.2
empty-48-48.map,2304,0,150,DCMAPF,True,4776,74,22.4
empty-48-48.map,2304,0,150,DCMAPF,True,5416,72,22.5
empty-48-48.map,2304,0,150,DCMAPF,True,5099,80,22.8
empty-48-48.map,2304,0,150,DCMAPF,True,5133,74,22.8
empty-48-48.map,2304,0,150,DCMAPF,True,5264,74,23.0
empty-48-48.map,2304,0,150,DCMAPF,True,5191,75,23.1
empty-48-48.map,2304,0,150,DCMAPF,True,5273,75,23.0
empty-48-48.map,2304,0,150,DCMAPF,True,5181,75,23.2
empty-48-48.map,2304,0,150,DCMAPF,True,5172,79,23.2
empty-48-48.map,2304,0,150,DCMAPF,True,5446,74,23.2
empty-48-48.map,2304,0,150,DCMAPF,True,5147,74,23.3
empty-48-48.map,2304,0,150,DCMAPF,True,5336,77,23.4
empty-48-48.map,2304,0,150,DCMAPF,True,5206,78,23.4
empty-48-48.map,2304,0,150,DCMAPF,True,5465,81,23.3
empty-48-48.map,2304,0,150,DCMAPF,True,4760,80,23.4
empty-48-48.map,2304,0,150,DCMAPF,True,4979,83,23.5
empty-48-48.map,2304,0,150,DCMAPF,True,4998,83,23.5
empty-48-48.map,2304,0,150,DCMAPF,True,5614,82,23.6
empty-48-48.map,2304,0,150,DCMAPF,True,5199,80,23.5
empty-48-48.map,2304,0,150,DCMAPF,True,5014,82,23.7
empty-48-48.map,2304,0,200,DCMAPF,True,6742,67,39.6
empty-48-48.map,2304,0,200,DCMAPF,True,7014,67,41.7
empty-48-48.map,2304,0,200,DCMAPF,True,6584,70,42.1
empty-48-48.map,2304,0,200,DCMAPF,True,6842,74,44.4
empty-48-48.map,2304,0,200,DCMAPF,True,7130,78,44.6
empty-48-48.map,2304,0,200,DCMAPF,True,7272,74,44.7
empty-48-48.map,2304,0,200,DCMAPF,True,7210,74,45.3
empty-48-48.map,2304,0,200,DCMAPF,True,7210,78,45.5
empty-48-48.map,2304,0,200,DCMAPF,True,7186,75,45.8
empty-48-48.map,2304,0,200,DCMAPF,True,6360,73,45.9
empty-48-48.map,2304,0,200,DCMAPF,True,6963,76,46.6
empty-48-48.map,2304,0,200,DCMAPF,True,7419,74,46.8
empty-48-48.map,2304,0,200,DCMAPF,True,7480,72,46.7
empty-48-48.map,2304,0,200,DCMAPF,True,6904,80,47.3
empty-48-48.map,2304,0,200,DCMAPF,True,6898,77,47.8
empty-48-48.map,2304,0,200,DCMAPF,True,6962,80,48.0
empty-48-48.map,2304,0,200,DCMAPF,True,6813,80,48.1
empty-48-48.map,2304,0,200,DCMAPF,True,6636,81,48.3
empty-48-48.map,2304,0,200,DCMAPF,True,7001,83,48.3
empty-48-48.map,2304,0,200,DCMAPF,True,6733,83,48.5
empty-48-48.map,2304,0,200,DCMAPF,True,6676,84,48.5
empty-48-48.map,2304,0,200,DCMAPF,True,6915,75,48.6
empty-48-48.map,2304,0,200,DCMAPF,True,7412,82,48.9
empty-48-48.map,2304,0,200,DCMAPF,True,7470,89,49.1
empty-48-48.map,2304,0,200,DCMAPF,True,7219,90,49.3
empty-48-48.map,2304,0,250,DCMAPF,True,8726,67,61.6
empty-48-48.map,2304,0,250,DCMAPF,True,8554,72,63.7
empty-48-48.map,2304,0,250,DCMAPF,True,9018,74,66.0
empty-48-48.map,2304,0,250,DCMAPF,True,8975,72,66.1
empty-48-48.map,2304,0,250,DCMAPF,True,8689,76,66.6
empty-48-48.map,2304,0,250,DCMAPF,True,8267,75,66.5
empty-48-48.map,2304,0,250,DCMAPF,True,9308,76,67.6
empty-48-48.map,2304,0,250,DCMAPF,True,8952,74,68.8
empty-48-48.map,2304,0,250,DCMAPF,True,9195,75,69.8
empty-48-48.map,2304,0,250,DCMAPF,True,8945,81,70.2
empty-48-48.map,2304,0,250,DCMAPF,True,9223,75,70.4
empty-48-48.map,2304,0,250,DCMAPF,True,9012,80,70.5
empty-48-48.map,2304,0,250,DCMAPF,True,9152,79,70.5
empty-48-48.map,2304,0,250,DCMAPF,True,9040,81,71.4
empty-48-48.map,2304,0,250,DCMAPF,True,8552,89,71.7
empty-48-48.map,2304,0,250,DCMAPF,True,9231,90,72.0
empty-48-48.map,2304,0,250,DCMAPF,True,9473,84,72.1
empty-48-48.map,2304,0,250,DCMAPF,True,8874,82,72.1
empty-48-48.map,2304,0,250,DCMAPF,True,8820,83,72.5
empty-48-48.map,2304,0,250,DCMAPF,True,8956,88,72.5
empty-48-48.map,2304,0,250,DCMAPF,True,9519,88,72.7
empty-48-48.map,2304,0,250,DCMAPF,True,9557,84,73.0
empty-48-48.map,2304,0,250,DCMAPF,True,8886,87,73.3
empty-48-48.map,2304,0,250,DCMAPF,True,9559,87,73.5
empty-48-48.map,2304,0,250,DCMAPF,True,8671,94,73.8
empty-48-48.map,2304,0,300,DCMAPF,True,11154,74,106.4
empty-48-48.map,2304,0,300,DCMAPF,True,11124,82,113.9
empty-48-48.map,2304,0,300,DCMAPF,True,10597,78,115.9
empty-48-48.map,2304,0,300,DCMAPF,True,10604,79,116.4
empty-48-48.map,2304,0,300,DCMAPF,True,11502,80,116.6
empty-48-48.map,2304,0,300,DCMAPF,True,11001,78,117.4
empty-48-48.map,2304,0,300,DCMAPF,True,11105,78,118.5
empty-48-48.map,2304,0,300,DCMAPF,True,11382,85,118.3
empty-48-48.map,2304,0,300,DCMAPF,True,11516,83,119.4
empty-48-48.map,2304,0,300,DCMAPF,True,11089,86,119.4
empty-48-48.map,2304,0,300,DCMAPF,True,10864,83,120.7
empty-48-48.map,2304,0,300,DCMAPF,True,11601,89,120.5
empty-48-48.map,2304,0,300,DCMAPF,True,11591,88,122.3
empty-48-48.map,2304,0,300,DCMAPF,True,10934,91,122.1
empty-48-48.map,2304,0,300,DCMAPF,True,11596,91,122.6
empty-48-48.map,2304,0,300,DCMAPF,True,10702,95,123.6
empty-48-48.map,2304,0,300,DCMAPF,True,10949,90,124.1
empty-48-48.map,2304,0,300,DCMAPF,True,11581,87,124.6
empty-48-48.map,2304,0,300,DCMAPF,True,11765,94,124.8
empty-48-48.map,2304,0,300,DCMAPF,True,11104,92,125.3
empty-48-48.map,2304,0,300,DCMAPF,True,11093,93,125.5
empty-48-48.map,2304,0,300,DCMAPF,True,11606,96,126.5
empty-48-48.map,2304,0,300,DCMAPF,True,11592,104,126.9
empty-48-48.map,2304,0,300,DCMAPF,True,11383,98,127.2
empty-48-48.map,2304,0,300,DCMAPF,True,12563,130,137.4
empty-48-48.map,2304,0,350,DCMAPF,True,13295,83,143.3
empty-48-48.map,2304,0,350,DCMAPF,True,14015,86,145.0
empty-48-48.map,2304,0,350,DCMAPF,True,13052,87,148.1
empty-48-48.map,2304,0,350,DCMAPF,True,14129,88,148.5
empty-48-48.map,2304,0,350,DCMAPF,True,13607,86,149.0
empty-48-48.map,2304,0,350,DCMAPF,True,13689,89,149.7
empty-48-48.map,2304,0,350,DCMAPF,True,13087,88,149.8
empty-48-48.map,2304,0,350,DCMAPF,True,13820,92,151.2
empty-48-48.map,2304,0,350,DCMAPF,True,14255,91,151.7
empty-48-48.map,2304,0,350,DCMAPF,True,14571,90,154.6
empty-48-48.map,2304,0,350,DCMAPF,True,14306,91,155.7
empty-48-48.map,2304,0,350,DCMAPF,True,13206,97,156.1
empty-48-48.map,2304,0,350,DCMAPF,True,13917,95,156.5
empty-48-48.map,2304,0,350,DCMAPF,True,13777,96,156.6
empty-48-48.map,2304,0,350,DCMAPF,True,13494,95,157.3
empty-48-48.map,2304,0,350,DCMAPF,True,14305,99,158.1
empty-48-48.map,2304,0,350,DCMAPF,True,13535,103,158.9
empty-48-48.map,2304,0,350,DCMAPF,True,13710,97,159.3
empty-48-48.map,2304,0,350,DCMAPF,True,15081,99,161.0
empty-48-48.map,2304,0,350,DCMAPF,True,14547,100,162.1
empty-48-48.map,2304,0,350,DCMAPF,True,13824,107,162.2
empty-48-48.map,2304,0,350,DCMAPF,True,14506,107,163.2
empty-48-48.map,2304,0,350,DCMAPF,True,14463,109,164.9
empty-48-48.map,2304,0,350,DCMAPF,True,14371,112,165.4
empty-48-48.map,2304,0,350,DCMAPF,True,14959,135,174.6
empty-48-48.map,2304,0,400,DCMAPF,True,16215,91,201.6
empty-48-48.map,2304,0,400,DCMAPF,True,17042,96,213.1
empty-48-48.map,2304,0,400,DCMAPF,True,15751,98,213.7
empty-48-48.map,2304,0,400,DCMAPF,True,18548,97,221.4
empty-48-48.map,2304,0,400,DCMAPF,True,16779,101,221.6
empty-48-48.map,2304,0,400,DCMAPF,True,16936,99,222.5
empty-48-48.map,2304,0,400,DCMAPF,True,17323,102,223.4
empty-48-48.map,2304,0,400,DCMAPF,True,17612,102,223.8
empty-48-48.map,2304,0,400,DCMAPF,True,16049,108,226.7
empty-48-48.map,2304,0,400,DCMAPF,True,17366,108,228.6
empty-48-48.map,2304,0,400,DCMAPF,True,16446,112,231.4
empty-48-48.map,2304,0,400,DCMAPF,True,17541,108,231.7
empty-48-48.map,2304,0,400,DCMAPF,True,16472,112,232.4
empty-48-48.map,2304,0,400,DCMAPF,True,16652,115,234.8
empty-48-48.map,2304,0,400,DCMAPF,True,17028,115,237.2
empty-48-48.map,2304,0,400,DCMAPF,True,16417,119,237.2
empty-48-48.map,2304,0,400,DCMAPF,True,18633,111,240.1
empty-48-48.map,2304,0,400,DCMAPF,True,19377,113,243.0
empty-48-48.map,2304,0,400,DCMAPF,True,18289,124,246.7
empty-48-48.map,2304,0,400,DCMAPF,True,17175,129,246.7
empty-48-48.map,2304,0,400,DCMAPF,True,18441,119,246.7
empty-48-48.map,2304,0,400,DCMAPF,True,17345,130,248.3
empty-48-48.map,2304,0,400,DCMAPF,True,17685,124,249.4
empty-48-48.map,2304,0,400,DCMAPF,True,16991,141,251.5
empty-48-48.map,2304,0,400,DCMAPF,True,17980,160,264.9
empty-48-48.map,2304,0,450,DCMAPF,True,19301,105,294.2
empty-48-48.map,2304,0,450,DCMAPF,True,20704,104,294.2
empty-48-48.map,2304,0,450,DCMAPF,True,20423,109,306.6
empty-48-48.map,2304,0,450,DCMAPF,True,20713,111,311.1
empty-48-48.map,2304,0,450,DCMAPF,True,20321,110,315.2
empty-48-48.map,2304,0,450,DCMAPF,True,20927,116,323.3
empty-48-48.map,2304,0,450,DCMAPF,True,21478,113,323.8
empty-48-48.map,2304,0,450,DCMAPF,True,20202,116,325.1
empty-48-48.map,2304,0,450,DCMAPF,True,22049,113,330.2
empty-48-48.map,2304,0,450,DCMAPF,True,21613,118,331.0
empty-48-48.map,2304,0,450,DCMAPF,True,20062,122,336.2
empty-48-48.map,2304,0,450,DCMAPF,True,21124,121,338.5
empty-48-48.map,2304,0,450,DCMAPF,True,21355,125,343.9
empty-48-48.map,2304,0,450,DCMAPF,True,22311,129,348.5
empty-48-48.map,2304,0,450,DCMAPF,True,22579,129,349.2
empty-48-48.map,2304,0,450,DCMAPF,True,21715,134,356.9
empty-48-48.map,2304,0,450,DCMAPF,True,20812,142,359.4
empty-48-48.map,2304,0,450,DCMAPF,True,21600,135,360.6
empty-48-48.map,2304,0,450,DCMAPF,True,21237,148,365.0
empty-48-48.map,2304,0,450,DCMAPF,True,22161,142,365.2
empty-48-48.map,2304,0,450,DCMAPF,True,23521,136,366.7
empty-48-48.map,2304,0,450,DCMAPF,True,20448,151,366.8
empty-48-48.map,2304,0,450,DCMAPF,True,23437,140,370.0
empty-48-48.map,2304,0,450,DCMAPF,True,23898,161,383.0
empty-48-48.map,2304,0,450,DCMAPF,False,23856,600,615.8
random-64-64-20.map,4096,826,50,DCMAPF,True,2380,81,3.9
random-64-64-20.map,4096,826,50,DCMAPF,True,2210,85,3.9
random-64-64-20.map,4096,826,50,DCMAPF,True,2438,82,4.1
random-64-64-20.map,4096,826,50,DCMAPF,True,2538,78,4.2
random-64-64-20.map,4096,826,50,DCMAPF,True,2282,92,4.5
random-64-64-20.map,4096,826,50,DCMAPF,True,2225,95,4.6
random-64-64-20.map,4096,826,50,DCMAPF,True,2358,92,4.5
random-64-64-20.map,4096,826,50,DCMAPF,True,2261,94,4.5
random-64-64-20.map,4096,826,50,DCMAPF,True,2478,89,4.6
random-64-64-20.map,4096,826,50,DCMAPF,True,2326,81,4.7
random-64-64-20.map,4096,826,50,DCMAPF,True,2374,96,4.5
random-64-64-20.map,4096,826,50,DCMAPF,True,2583,100,4.7
random-64-64-20.map,4096,826,50,DCMAPF,True,2380,91,4.7
random-64-64-20.map,4096,826,50,DCMAPF,True,2320,83,4.8
random-64-64-20.map,4096,826,50,DCMAPF,True,2229,84,4.8
random-64-64-20.map,4096,826,50,DCMAPF,True,2166,96,5.0
random-64-64-20.map,4096,826,50,DCMAPF,True,2579,97,5.0
random-64-64-20.map,4096,826,50,DCMAPF,True,2139,93,4.9
random-64-64-20.map,4096,826,50,DCMAPF,True,2400,85,5.2
random-64-64-20.map,4096,826,50,DCMAPF,True,2462,81,5.0
random-64-64-20.map,4096,826,50,DCMAPF,True,2523,80,5.2
random-64-64-20.map,4096,826,50,DCMAPF,True,2337,92,5.1
random-64-64-20.map,4096,826,50,DCMAPF,True,2353,114,5.2
random-64-64-20.map,4096,826,50,DCMAPF,True,2504,88,5.2
random-64-64-20.map,4096,826,50,DCMAPF,True,2169,100,5.3
random-64-64-20.map,4096,826,100,DCMAPF,True,4928,82,13.6
random-64-64-20.map,4096,826,100,DCMAPF,True,4411,100,15.0
random-64-64-20.map,4096,826,100,DCMAPF,True,4727,97,14.9
random-64-64-20.map,4096,826,100,DCMAPF,True,4676,88,15.7
random-64-64-20.map,4096,826,100,DCMAPF,True,4828,91,16.0
random-64-64-20.map,4096,826,100,DCMAPF,True,4871,97,15.9
random-64-64-20.map,4096,826,100,DCMAPF,True,4687,101,16.0
random-64-64-20.map,4096,826,100,DCMAPF,True,5075,106,16.4
random-64-64-20.map,4096,826,100,DCMAPF,True,4832,94,16.7
random-64-64-20.map,4096,826,100,DCMAPF,True,4728,95,16.6
random-64-64-20.map,4096,826,100,DCMAPF,True,4849,103,16.5
random-64-64-20.map,4096,826,100,DCMAPF,True,4617,101,16.7
random-64-64-20.map,4096,826,100,DCMAPF,True,4944,104,16.7
random-64-64-20.map,4096,826,100,DCMAPF,True,4586,95,16.6
random-64-64-20.map,4096,826,100,DCMAPF,True,4879,100,16.7
random-64-64-20.map,4096,826,100,DCMAPF,True,5267,99,16.8
random-64-64-20.map,4096,826,100,DCMAPF,True,5047,89,16.8
random-64-64-20.map,4096,826,100,DCMAPF,True,5078,102,17.3
random-64-64-20.map,4096,826,100,DCMAPF,True,4890,99,17.5
random-64-64-20.map,4096,826,100,DCMAPF,True,4737,86,17.6
random-64-64-20.map,4096,826,100,DCMAPF,True,5027,91,17.5
random-64-64-20.map,4096,826,100,DCMAPF,True,4772,96,17.5
random-64-64-20.map,4096,826,100,DCMAPF,True,4969,116,18.1
random-64-64-20.map,4096,826,100,DCMAPF,True,5138,100,18.1
random-64-64-20.map,4096,826,100,DCMAPF,True,5094,120,18.3
random-64-64-20.map,4096,826,150,DCMAPF,True,7130,94,30.9
random-64-64-20.map,4096,826,150,DCMAPF,True,7550,91,31.0
random-64-64-20.map,4096,826,150,DCMAPF,True,7124,88,31.2
random-64-64-20.map,4096,826,150,DCMAPF,True,7581,96,33.0
random-64-64-20.map,4096,826,150,DCMAPF,True,7650,97,33.2
random-64-64-20.map,4096,826,150,DCMAPF,True,7531,100,33.6
random-64-64-20.map,4096,826,150,DCMAPF,True,7577,87,34.1
random-64-64-20.map,4096,826,150,DCMAPF,True,7519,101,34.5
random-64-64-20.map,4096,826,150,DCMAPF,True,7437,103,34.5
random-64-64-20.map,4096,826,150,DCMAPF,True,7621,110,34.9
random-64-64-20.map,4096,826,150,DCMAPF,True,7605,102,35.2
random-64-64-20.map,4096,826,150,DCMAPF,True,7511,101,35.3
random-64-64-20.map,4096,826,150,DCMAPF,True,7612,107,35.2
random-64-64-20.map,4096,826,150,DCMAPF,True,6844,111,35.4
random-64-64-20.map,4096,826,150,DCMAPF,True,7750,110,35.8
random-64-64-20.map,4096,826,150,DCMAPF,True,7581,115,36.0
random-64-64-20.map,4096,826,150,DCMAPF,True,7499,114,36.2
random-64-64-20.map,4096,826,150,DCMAPF,True,7627,107,36.5
random-64-64-20.map,4096,826,150,DCMAPF,True,8071,109,36.5
random-64-64-20.map,4096,826,150,DCMAPF,True,7406,122,36.7
random-64-64-20.map,4096,826,150,DCMAPF,True,8131,110,36.6
random-64-64-20.map,4096,826,150,DCMAPF,True,7817,108,36.7
random-64-64-20.map,4096,826,150,DCMAPF,True,7590,117,36.7
random-64-64-20.map,4096,826,150,DCMAPF,True,7850,112,36.8
random-64-64-20.map,4096,826,150,DCMAPF,True,7404,121,37.0
random-64-64-20.map,4096,826,200,DCMAPF,True,10135,96,58.4
random-64-64-20.map,4096,826,200,DCMAPF,True,10112,102,59.4
random-64-64-20.map,4096,826,200,DCMAPF,True,10444,99,61.0
random-64-64-20.map,4096,826,200,DCMAPF,True,10750,100,61.8
random-64-64-20.map,4096,826,200,DCMAPF,True,10457,108,62.1
random-64-64-20.map,4096,826,200,DCMAPF,True,10256,103,62.8
random-64-64-20.map,4096,826,200,DCMAPF,True,9883,104,62.8
random-64-64-20.map,4096,826,200,DCMAPF,True,10655,102,64.3
random-64-64-20.map,4096,826,200,DCMAPF,True,10529,103,64.9
random-64-64-20.map,4096,826,200,DCMAPF,True,9848,116,65.8
random-64-64-20.map,4096,826,200,DCMAPF,True,10358,113,66.1
random-64-64-20.map,4096,826,200,DCMAPF,True,10045,118,66.5
random-64-64-20.map,4096,826,200,DCMAPF,True,11296,112,66.6
random-64-64-20.map,4096,826,200,DCMAPF,True,10790,113,66.8
random-64-64-20.map,4096,826,200,DCMAPF,True,11146,113,67.4
random-64-64-20.map,4096,826,200,DCMAPF,True,10666,115,67.5
random-64-64-20.map,4096,826,200,DCMAPF,True,10893,109,67.8
random-64-64-20.map,4096,826,200,DCMAPF,True,11159,115,67.8
random-64-64-20.map,4096,826,200,DCMAPF,True,11154,112,68.1
random-64-64-20.map,4096,826,200,DCMAPF,True,10745,120,68.1
random-64-64-20.map,4096,826,200,DCMAPF,True,10723,123,69.1
random-64-64-20.map,4096,826,200,DCMAPF,True,10843,130,69.3
random-64-64-20.map,4096,826,200,DCMAPF,True,10875,129,69.1
random-64-64-20.map,4096,826,200,DCMAPF,True,10858,134,70.3
random-64-64-20.map,4096,826,200,DCMAPF,True,10656,128,71.3
random-64-64-20.map,4096,826,250,DCMAPF,True,12583,110,100.2
random-64-64-20.map,4096,826,250,DCMAPF,True,13386,115,107.8
random-64-64-20.map,4096,826,250,DCMAPF,True,13329,121,109.2
random-64-64-20.map,4096,826,250,DCMAPF,True,13414,120,114.1
random-64-64-20.map,4096,826,250,DCMAPF,True,14058,121,115.5
random-64-64-20.map,4096,826,250,DCMAPF,True,14354,123,115.8
random-64-64-20.map,4096,826,250,DCMAPF,True,13188,130,116.5
random-64-64-20.map,4096,826,250,DCMAPF,True,13916,131,117.6
random-64-64-20.map,4096,826,250,DCMAPF,True,14533,124,120.2
random-64-64-20.map,4096,826,250,DCMAPF,True,14431,125,120.8
random-64-64-20.map,4096,826,250,DCMAPF,True,14716,121,120.9
random-64-64-20.map,4096,826,250,DCMAPF,True,14612,127,120.9
random-64-64-20.map,4096,826,250,DCMAPF,True,13880,132,121.1
random-64-64-20.map,4096,826,250,DCMAPF,True,14448,133,123.1
random-64-64-20.map,4096,826,250,DCMAPF,True,14937,136,123.7
random-64-64-20.map,4096,826,250,DCMAPF,True,15848,136,125.6
random-64-64-20.map,4096,826,250,DCMAPF,True,14226,135,126.6
random-64-64-20.map,4096,826,250,DCMAPF,True,15070,144,127.5
random-64-64-20.map,4096,826,250,DCMAPF,True,14543,149,128.5
random-64-64-20.map,4096,826,250,DCMAPF,True,13989,148,129.1
random-64-64-20.map,4096,826,250,DCMAPF,True,15223,144,130.6
random-64-64-20.map,4096,826,250,DCMAPF,True,14389,158,131.3
random-64-64-20.map,4096,826,250,DCMAPF,True,14882,157,132.8
random-64-64-20.map,4096,826,250,DCMAPF,True,15361,172,134.7
random-64-64-20.map,4096,826,250,DCMAPF,True,17013,182,143.5
random-64-64-20.map,4096,826,300,DCMAPF,True,17233,118,164.0
random-64-64-20.map,4096,826,300,DCMAPF,True,17387,125,177.6
random-64-64-20.map,4096,826,300,DCMAPF,True,17434,140,185.2
random-64-64-20.map,4096,826,300,DCMAPF,True,18295,141,189.6
random-64-64-20.map,4096,826,300,DCMAPF,True,17952,138,192.8
random-64-64-20.map,4096,826,300,DCMAPF,True,18179,145,193.2
random-64-64-20.map,4096,826,300,DCMAPF,True,18289,147,199.4
random-64-64-20.map,4096,826,300,DCMAPF,True,19528,152,204.4
random-64-64-20.map,4096,826,300,DCMAPF,True,18949,152,206.2
random-64-64-20.map,4096,826,300,DCMAPF,True,18998,147,210.0
random-64-64-20.map,4096,826,300,DCMAPF,True,17510,160,211.9
random-64-64-20.map,4096,826,300,DCMAPF,True,18366,158,215.0
random-64-64-20.map,4096,826,300,DCMAPF,True,19102,165,218.9
random-64-64-20.map,4096,826,300,DCMAPF,True,19880,169,220.1
random-64-64-20.map,4096,826,300,DCMAPF,True,19758,155,220.3
random-64-64-20.map,4096,826,300,DCMAPF,True,19455,168,223.1
random-64-64-20.map,4096,826,300,DCMAPF,True,19415,168,223.4
random-64-64-20.map,4096,826,300,DCMAPF,True,20178,176,226.1
random-64-64-20.map,4096,826,300,DCMAPF,True,20389,183,227.6
random-64-64-20.map,4096,826,300,DCMAPF,True,19482,166,229.7
random-64-64-20.map,4096,826,300,DCMAPF,True,19067,193,230.6
random-64-64-20.map,4096,826,300,DCMAPF,True,19914,191,230.8
random-64-64-20.map,4096,826,300,DCMAPF,True,19885,190,231.6
random-64-64-20.map,4096,826,300,DCMAPF,True,19143,200,233.4
random-64-64-20.map,4096,826,300,DCMAPF,True,22375,215,251.8
random-64-64-20.map,4096,826,350,DCMAPF,True,21477,146,265.6
random-64-64-20.map,4096,826,350,DCMAPF,True,22290,144,272.3
random-64-64-20.map,4096,826,350,DCMAPF,True,23323,159,296.8
random-64-64-20.map,4096,826,350,DCMAPF,True,23261,159,307.7
random-64-64-20.map,4096,826,350,DCMAPF,True,23182,176,330.7
random-64-64-20.map,4096,826,350,DCMAPF,True,23809,178,332.6
random-64-64-20.map,4096,826,350,DCMAPF,True,24530,164,340.3
random-64-64-20.map,4096,826,350,DCMAPF,True,23625,176,344.4
random-64-64-20.map,4096,826,350,DCMAPF,True,21931,199,345.3
random-64-64-20.map,4096,826,350,DCMAPF,True,26091,189,355.1
random-64-64-20.map,4096,826,350,DCMAPF,True,25415,183,357.5
random-64-64-20.map,4096,826,350,DCMAPF,True,24742,196,370.8
random-64-64-20.map,4096,826,350,DCMAPF,True,25305,206,376.8
random-64-64-20.map,4096,826,350,DCMAPF,True,27561,193,385.0
random-64-64-20.map,4096,826,350,DCMAPF,True,24054,212,386.3
random-64-64-20.map,4096,826,350,DCMAPF,True,27816,203,393.7
random-64-64-20.map,4096,826,350,DCMAPF,True,26078,239,395.4
random-64-64-20.map,4096,826,350,DCMAPF,True,24809,223,395.8
random-64-64-20.map,4096,826,350,DCMAPF,True,26874,212,402.7
random-64-64-20.map,4096,826,350,DCMAPF,True,26714,230,412.1
random-64-64-20.map,4096,826,350,DCMAPF,True,26475,255,415.1
random-64-64-20.map,4096,826,350,DCMAPF,True,27928,253,423.0
random-64-64-20.map,4096,826,350,DCMAPF,True,28682,257,427.8
random-64-64-20.map,4096,826,350,DCMAPF,True,27942,249,439.5
random-64-64-20.map,4096,826,350,DCMAPF,False,23522,600,510.6
random-64-64-20.map,4096,826,400,DCMAPF,True,28505,178,442.7
random-64-64-20.map,4096,826,400,DCMAPF,True,29770,179,473.6
random-64-64-20.map,4096,826,400,DCMAPF,True,28340,193,480.4
random-64-64-20.map,4096,826,400,DCMAPF,True,29966,179,481.5
random-64-64-20.map,4096,826,400,DCMAPF,True,30805,183,494.9
random-64-64-20.map,4096,826,400,DCMAPF,True,30331,192,496.6
random-64-64-20.map,4096,826,400,DCMAPF,True,28976,201,512.5
random-64-64-20.map,4096,826,400,DCMAPF,True,30007,205,514.0
random-64-64-20.map,4096,826,400,DCMAPF,True,30939,214,523.6
random-64-64-20.map,4096,826,400,DCMAPF,True,31766,210,526.5
random-64-64-20.map,4096,826,400,DCMAPF,True,29076,219,533.3
random-64-64-20.map,4096,826,400,DCMAPF,True,32786,216,547.6
random-64-64-20.map,4096,826,400,DCMAPF,True,33892,228,567.9
random-64-64-20.map,4096,826,400,DCMAPF,True,31181,245,569.9
random-64-64-20.map,4096,826,400,DCMAPF,True,30631,234,576.5
random-64-64-20.map,4096,826,400,DCMAPF,True,33998,257,590.9
random-64-64-20.map,4096,826,400,DCMAPF,True,33756,244,593.1
random-64-64-20.map,4096,826,400,DCMAPF,True,34765,244,596.5
random-64-64-20.map,4096,826,400,DCMAPF,True,34389,253,606.3
random-64-64-20.map,4096,826,400,DCMAPF,True,35208,274,616.7
random-64-64-20.map,4096,826,400,DCMAPF,True,36556,288,633.3
random-64-64-20.map,4096,826,400,DCMAPF,True,35345,282,634.1
random-64-64-20.map,4096,826,400,DCMAPF,True,35541,306,638.3
random-64-64-20.map,4096,826,400,DCMAPF,True,35957,302,670.3
random-64-64-20.map,4096,826,400,DCMAPF,False,31087,600,742.3
random-64-64-20.map,4096,826,450,DCMAPF,True,36730,186,722.2
random-64-64-20.map,4096,826,450,DCMAPF,True,36470,208,783.0
random-64-64-20.map,4096,826,450,DCMAPF,True,37974,225,812.4
random-64-64-20.map,4096,826,450,DCMAPF,True,38585,227,857.0
random-64-64-20.map,4096,826,450,DCMAPF,True,37710,241,896.3
random-64-64-20.map,4096,826,450,DCMAPF,True,41156,251,962.5
random-64-64-20.map,4096,826,450,DCMAPF,True,39697,272,965.8
random-64-64-20.map,4096,826,450,DCMAPF,True,38182,283,990.8
random-64-64-20.map,4096,826,450,DCMAPF,True,40271,280,992.4
random-64-64-20.map,4096,826,450,DCMAPF,True,39864,271,1009.2
random-64-64-20.map,4096,826,450,DCMAPF,True,43447,270,1027.6
random-64-64-20.map,4096,826,450,DCMAPF,True,42588,290,1045.8
random-64-64-20.map,4096,826,450,DCMAPF,True,43345,294,1056.4
random-64-64-20.map,4096,826,450,DCMAPF,True,44749,280,1058.6
random-64-64-20.map,4096,826,450,DCMAPF,True,41580,290,1069.3
random-64-64-20.map,4096,826,450,DCMAPF,True,43153,303,1069.6
random-64-64-20.map,4096,826,450,DCMAPF,True,41659,292,1079.1
random-64-64-20.map,4096,826,450,DCMAPF,True,44410,277,1080.3
random-64-64-20.map,4096,826,450,DCMAPF,True,40741,334,1087.2
random-64-64-20.map,4096,826,450,DCMAPF,True,42515,319,1087.8
random-64-64-20.map,4096,826,450,DCMAPF,True,46137,319,1096.0
random-64-64-20.map,4096,826,450,DCMAPF,True,45222,334,1104.7
random-64-64-20.map,4096,826,450,DCMAPF,True,48383,305,1117.3
random-64-64-20.map,4096,826,450,DCMAPF,True,46157,367,1142.9
random-64-64-20.map,4096,826,450,DCMAPF,False,38053,600,1218.3
random-32-32-20.map,1024,205,50,DCMAPF,True,1287,43,2.0
random-32-32-20.map,1024,205,50,DCMAPF,True,1184,45,2.1
random-32-32-20.map,1024,205,50,DCMAPF,True,1158,45,2.2
random-32-32-20.map,1024,205,50,DCMAPF,True,1205,44,2.2
random-32-32-20.map,1024,205,50,DCMAPF,True,1397,48,2.2
random-32-32-20.map,1024,205,50,DCMAPF,True,1392,47,2.2
random-32-32-20.map,1024,205,50,DCMAPF,True,1377,45,2.3
random-32-32-20.map,1024,205,50,DCMAPF,True,1086,47,2.2
random-32-32-20.map,1024,205,50,DCMAPF,True,1258,52,2.4
random-32-32-20.map,1024,205,50,DCMAPF,True,1272,46,2.3
random-32-32-20.map,1024,205,50,DCMAPF,True,1239,49,2.4
random-32-32-20.map,1024,205,50,DCMAPF,True,1290,54,2.4
random-32-32-20.map,1024,205,50,DCMAPF,True,1182,55,2.3
random-32-32-20.map,1024,205,50,DCMAPF,True,1267,45,2.3
random-32-32-20.map,1024,205,50,DCMAPF,True,1339,48,2.4
random-32-32-20.map,1024,205,50,DCMAPF,True,1278,48,2.4
random-32-32-20.map,1024,205,50,DCMAPF,True,1306,53,2.5
random-32-32-20.map,1024,205,50,DCMAPF,True,1311,52,2.5
random-32-32-20.map,1024,205,50,DCMAPF,True,1403,53,2.4
random-32-32-20.map,1024,205,50,DCMAPF,True,1447,50,2.4
random-32-32-20.map,1024,205,50,DCMAPF,True,1362,61,2.5
random-32-32-20.map,1024,205,50,DCMAPF,True,1350,62,2.7
random-32-32-20.map,1024,205,50,DCMAPF,True,1342,57,2.6
random-32-32-20.map,1024,205,50,DCMAPF,True,1402,53,2.5
random-32-32-20.map,1024,205,50,DCMAPF,True,1432,69,2.7
random-32-32-20.map,1024,205,100,DCMAPF,True,2680,59,9.4
random-32-32-20.map,1024,205,100,DCMAPF,True,2827,64,10.0
random-32-32-20.map,1024,205,100,DCMAPF,True,2984,60,9.9
random-32-32-20.map,1024,205,100,DCMAPF,True,2598,63,10.3
random-32-32-20.map,1024,205,100,DCMAPF,True,2914,66,10.4
random-32-32-20.map,1024,205,100,DCMAPF,True,2821,68,10.7
random-32-32-20.map,1024,205,100,DCMAPF,True,2941,64,10.6
random-32-32-20.map,1024,205,100,DCMAPF,True,2998,68,10.9
random-32-32-20.map,1024,205,100,DCMAPF,True,3141,62,11.1
random-32-32-20.map,1024,205,100,DCMAPF,True,3314,70,11.8
random-32-32-20.map,1024,205,100,DCMAPF,True,3366,67,12.0
random-32-32-20.map,1024,205,100,DCMAPF,True,3101,70,11.9
random-32-32-20.map,1024,205,100,DCMAPF,True,3323,75,12.1
random-32-32-20.map,1024,205,100,DCMAPF,True,3134,72,12.2
random-32-32-20.map,1024,205,100,DCMAPF,True,3055,70,12.3
random-32-32-20.map,1024,205,100,DCMAPF,True,3320,73,12.4
random-32-32-20.map,1024,205,100,DCMAPF,True,3179,76,12.8
random-32-32-20.map,1024,205,100,DCMAPF,True,3596,78,12.9
random-32-32-20.map,1024,205,100,DCMAPF,True,3100,99,13.0
random-32-32-20.map,1024,205,100,DCMAPF,True,3288,87,13.1
random-32-32-20.map,1024,205,100,DCMAPF,True,3503,88,13.3
random-32-32-20.map,1024,205,100,DCMAPF,True,3124,106,13.6
random-32-32-20.map,1024,205,100,DCMAPF,True,3710,97,13.6
random-32-32-20.map,1024,205,100,DCMAPF,True,3856,109,14.1
random-32-32-20.map,1024,205,100,DCMAPF,True,3398,105,14.2
random-32-32-20.map,1024,205,150,DCMAPF,True,5582,82,30.4
random-32-32-20.map,1024,205,150,DCMAPF,True,6025,81,30.4
random-32-32-20.map,1024,205,150,DCMAPF,True,5598,92,32.5
random-32-32-20.map,1024,205,150,DCMAPF,True,5308,101,34.3
random-32-32-20.map,1024,205,150,DCMAPF,True,5697,98,34.7
random-32-32-20.map,1024,205,150,DCMAPF,True,5196,103,34.6
random-32-32-20.map,1024,205,150,DCMAPF,True,6136,98,36.0
random-32-32-20.map,1024,205,150,DCMAPF,True,5999,102,36.0
random-32-32-20.map,1024,205,150,DCMAPF,True,6559,97,36.7
random-32-32-20.map,1024,205,150,DCMAPF,True,6143,112,38.0
random-32-32-20.map,1024,205,150,DCMAPF,True,6130,118,39.2
random-32-32-20.map,1024,205,150,DCMAPF,True,6483,112,39.3
random-32-32-20.map,1024,205,150,DCMAPF,True,6700,109,39.5
random-32-32-20.map,1024,205,150,DCMAPF,True,6374,116,39.7
random-32-32-20.map,1024,205,150,DCMAPF,True,6708,116,39.9
random-32-32-20.map,1024,205,150,DCMAPF,True,6357,128,40.2
random-32-32-20.map,1024,205,150,DCMAPF,True,6699,125,41.0
random-32-32-20.map,1024,205,150,DCMAPF,True,6874,117,41.1
random-32-32-20.map,1024,205,150,DCMAPF,True,6973,131,41.7
random-32-32-20.map,1024,205,150,DCMAPF,True,7366,127,42.3
random-32-32-20.map,1024,205,150,DCMAPF,True,7209,132,42.7
random-32-32-20.map,1024,205,150,DCMAPF,True,7724,119,42.8
random-32-32-20.map,1024,205,150,DCMAPF,True,7178,140,43.2
random-32-32-20.map,1024,205,150,DCMAPF,True,7580,155,44.7
random-32-32-20.map,1024,205,150,DCMAPF,True,7438,205,47.6
random-32-32-20.map,1024,205,200,DCMAPF,True,11295,139,97.0
random-32-32-20.map,1024,205,200,DCMAPF,True,10428,153,97.9
random-32-32-20.map,1024,205,200,DCMAPF,True,10626,147,99.3
random-32-32-20.map,1024,205,200,DCMAPF,True,11721,147,100.8
random-32-32-20.map,1024,205,200,DCMAPF,True,11160,153,101.8
random-32-32-20.map,1024,205,200,DCMAPF,True,11195,153,102.5
random-32-32-20.map,1024,205,200,DCMAPF,True,12089,152,103.5
random-32-32-20.map,1024,205,200,DCMAPF,True,12023,147,103.5
random-32-32-20.map,1024,205,200,DCMAPF,True,11283,158,104.7
random-32-32-20.map,1024,205,200,DCMAPF,True,11472,165,107.1
random-32-32-20.map,1024,205,200,DCMAPF,True,11926,161,109.1
random-32-32-20.map,1024,205,200,DCMAPF,True,10399,186,109.9
random-32-32-20.map,1024,205,200,DCMAPF,True,11697,177,113.3
random-32-32-20.map,1024,205,200,DCMAPF,True,11949,186,113.9
random-32-32-20.map,1024,205,200,DCMAPF,True,12676,180,116.7
random-32-32-20.map,1024,205,200,DCMAPF,True,15452,172,119.5
random-32-32-20.map,1024,205,200,DCMAPF,True,13174,199,119.8
random-32-32-20.map,1024,205,200,DCMAPF,True,13632,193,120.6
random-32-32-20.map,1024,205,200,DCMAPF,True,12307,224,120.8
random-32-32-20.map,1024,205,200,DCMAPF,True,13803,198,121.1
random-32-32-20.map,1024,205,200,DCMAPF,True,13854,206,121.8
random-32-32-20.map,1024,205,200,DCMAPF,True,14360,199,122.1
random-32-32-20.map,1024,205,200,DCMAPF,True,13267,209,122.7
random-32-32-20.map,1024,205,200,DCMAPF,True,14525,208,123.8
random-32-32-20.map,1024,205,200,DCMAPF,True,14117,263,128.1
warehouse-20-40-10-2-2.map,55760,17004,50,DCMAPF,True,8388,371,39.1
warehouse-20-40-10-2-2.map,55760,17004,50,DCMAPF,True,8460,381,39.4
warehouse-20-40-10-2-2.map,55760,17004,50,DCMAPF,True,8589,426,41.0
warehouse-20-40-10-2-2.map,55760,17004,50,DCMAPF,True,8221,431,40.7
warehouse-20-40-10-2-2.map,55760,17004,50,DCMAPF,True,8712,415,41.4
warehouse-20-40-10-2-2.map,55760,17004,50,DCMAPF,True,8526,393,41.6
warehouse-20-40-10-2-2.map,55760,17004,50,DCMAPF,True,9068,391,41.8
warehouse-20-40-10-2-2.map,55760,17004,50,DCMAPF,True,8602,439,41.9
warehouse-20-40-10-2-2.map,55760,17004,50,DCMAPF,True,8861,395,42.2
warehouse-20-40-10-2-2.map,55760,17004,50,DCMAPF,True,8731,405,42.0
warehouse-20-40-10-2-2.map,55760,17004,50,DCMAPF,True,9191,372,42.4
warehouse-20-40-10-2-2.map,55760,17004,50,DCMAPF,True,8712,456,42.9
warehouse-20-40-10-2-2.map,55760,17004,50,DCMAPF,True,8707,448,43.2
warehouse-20-40-10-2-2.map,55760,17004,50,DCMAPF,True,9190,418,43.3
warehouse-20-40-10-2-2.map,55760,17004,50,DCMAPF,True,8946,441,44.1
warehouse-20-40-10-2-2.map,55760,17004,50,DCMAPF,True,9264,431,44.0
warehouse-20-40-10-2-2.map,55760,17004,50,DCMAPF,True,9244,418,43.9
warehouse-20-40-10-2-2.map,55760,17004,50,DCMAPF,True,9233,420,44.4
warehouse-20-40-10-2-2.map,55760,17004,50,DCMAPF,True,9803,414,44.3
warehouse-20-40-10-2-2.map,55760,17004,50,DCMAPF,True,9498,406,44.4
warehouse-20-40-10-2-2.map,55760,17004,50,DCMAPF,True,9543,417,44.1
warehouse-20-40-10-2-2.map,55760,17004,50,DCMAPF,True,9648,422,44.5
warehouse-20-40-10-2-2.map,55760,17004,50,DCMAPF,True,9334,428,44.5
warehouse-20-40-10-2-2.map,55760,17004,50,DCMAPF,True,9714,455,45.3
warehouse-20-40-10-2-2.map,55760,17004,50,DCMAPF,True,9685,469,45.4
warehouse-20-40-10-2-2.map,55760,17004,100,DCMAPF,True,17887,377,106.5
warehouse-20-40-10-2-2.map,55760,17004,100,DCMAPF,True,17496,433,109.8
warehouse-20-40-10-2-2.map,55760,17004,100,DCMAPF,True,18038,431,111.4
warehouse-20-40-10-2-2.map,55760,17004,100,DCMAPF,True,19191,395,112.4
warehouse-20-40-10-2-2.map,55760,17004,100,DCMAPF,True,18122,434,113.1
warehouse-20-40-10-2-2.map,55760,17004,100,DCMAPF,True,18579,426,112.3
warehouse-20-40-10-2-2.map,55760,17004,100,DCMAPF,True,19274,418,113.1
warehouse-20-40-10-2-2.map,55760,17004,100,DCMAPF,True,18340,432,113.1
warehouse-20-40-10-2-2.map,55760,17004,100,DCMAPF,True,18696,411,113.9
warehouse-20-40-10-2-2.map,55760,17004,100,DCMAPF,True,18595,428,113.8
warehouse-20-40-10-2-2.map,55760,17004,100,DCMAPF,True,18832,406,115.0
warehouse-20-40-10-2-2.map,55760,17004,100,DCMAPF,True,18500,428,114.6
warehouse-20-40-10-2-2.map,55760,17004,100,DCMAPF,True,18575,456,116.0
warehouse-20-40-10-2-2.map,55760,17004,100,DCMAPF,True,18816,428,115.8
warehouse-20-40-10-2-2.map,55760,17004,100,DCMAPF,True,18257,456,115.7
warehouse-20-40-10-2-2.map,55760,17004,100,DCMAPF,True,18596,454,116.5
warehouse-20-40-10-2-2.map,55760,17004,100,DCMAPF,True,18955,453,116.6
warehouse-20-40-10-2-2.map,55760,17004,100,DCMAPF,True,19576,422,116.8
warehouse-20-40-10-2-2.map,55760,17004,100,DCMAPF,True,18936,451,116.4
warehouse-20-40-10-2-2.map,55760,17004,100,DCMAPF,True,18824,450,116.2
warehouse-20-40-10-2-2.map,55760,17004,100,DCMAPF,True,18864,441,117.4
warehouse-20-40-10-2-2.map,55760,17004,100,DCMAPF,True,19033,483,117.8
warehouse-20-40-10-2-2.map,55760,17004,100,DCMAPF,True,19295,469,117.9
warehouse-20-40-10-2-2.map,55760,17004,100,DCMAPF,True,19515,455,118.0
warehouse-20-40-10-2-2.map,55760,17004,100,DCMAPF,True,19995,450,117.2
warehouse-20-40-10-2-2.map,55760,17004,150,DCMAPF,True,26547,433,203.6
warehouse-20-40-10-2-2.map,55760,17004,150,DCMAPF,True,28998,403,207.5
warehouse-20-40-10-2-2.map,55760,17004,150,DCMAPF,True,27892,426,206.8
warehouse-20-40-10-2-2.map,55760,17004,150,DCMAPF,True,27802,404,209.5
warehouse-20-40-10-2-2.map,55760,17004,150,DCMAPF,True,29259,418,210.0
warehouse-20-40-10-2-2.map,55760,17004,150,DCMAPF,True,27706,431,210.7
warehouse-20-40-10-2-2.map,55760,17004,150,DCMAPF,True,28483,422,212.7
warehouse-20-40-10-2-2.map,55760,17004,150,DCMAPF,True,28892,407,212.4
warehouse-20-40-10-2-2.map,55760,17004,150,DCMAPF,True,28652,411,211.8
warehouse-20-40-10-2-2.map,55760,17004,150,DCMAPF,True,28415,428,212.7
warehouse-20-40-10-2-2.map,55760,17004,150,DCMAPF,True,27992,432,212.1
warehouse-20-40-10-2-2.map,55760,17004,150,DCMAPF,True,28296,434,213.1
warehouse-20-40-10-2-2.map,55760,17004,150,DCMAPF,True,28527,428,213.4
warehouse-20-40-10-2-2.map,55760,17004,150,DCMAPF,True,27900,451,214.5
warehouse-20-40-10-2-2.map,55760,17004,150,DCMAPF,True,28493,428,214.1
warehouse-20-40-10-2-2.map,55760,17004,150,DCMAPF,True,28373,441,215.6
warehouse-20-40-10-2-2.map,55760,17004,150,DCMAPF,True,29344,453,216.2
warehouse-20-40-10-2-2.map,55760,17004,150,DCMAPF,True,28536,454,216.0
warehouse-20-40-10-2-2.map,55760,17004,150,DCMAPF,True,28637,456,217.0
warehouse-20-40-10-2-2.map,55760,17004,150,DCMAPF,True,28944,450,217.0
warehouse-20-40-10-2-2.map,55760,17004,150,DCMAPF,True,28801,456,216.6
warehouse-20-40-10-2-2.map,55760,17004,150,DCMAPF,True,30215,450,218.3
warehouse-20-40-10-2-2.map,55760,17004,150,DCMAPF,True,29385,469,217.9
warehouse-20-40-10-2-2.map,55760,17004,150,DCMAPF,True,29197,483,218.4
warehouse-20-40-10-2-2.map,55760,17004,150,DCMAPF,True,29559,455,219.4
warehouse-20-40-10-2-2.map,55760,17004,200,DCMAPF,True,37067,404,327.4
warehouse-20-40-10-2-2.map,55760,17004,200,DCMAPF,True,35754,431,333.4
warehouse-20-40-10-2-2.map,55760,17004,200,DCMAPF,True,37452,407,333.3
warehouse-20-40-10-2-2.map,55760,17004,200,DCMAPF,True,38160,411,333.8
warehouse-20-40-10-2-2.map,55760,17004,200,DCMAPF,True,35870,433,333.8
warehouse-20-40-10-2-2.map,55760,17004,200,DCMAPF,True,38937,418,337.3
warehouse-20-40-10-2-2.map,55760,17004,200,DCMAPF,True,39379,419,341.8
warehouse-20-40-10-2-2.map,55760,17004,200,DCMAPF,True,37625,422,341.7
warehouse-20-40-10-2-2.map,55760,17004,200,DCMAPF,True,38533,428,343.4
warehouse-20-40-10-2-2.map,55760,17004,200,DCMAPF,True,38288,432,344.0
warehouse-20-40-10-2-2.map,55760,17004,200,DCMAPF,True,37326,448,343.9
warehouse-20-40-10-2-2.map,55760,17004,200,DCMAPF,True,37085,456,346.6
warehouse-20-40-10-2-2.map,55760,17004,200,DCMAPF,True,38985,428,347.5
warehouse-20-40-10-2-2.map,55760,17004,200,DCMAPF,True,38449,434,349.5
warehouse-20-40-10-2-2.map,55760,17004,200,DCMAPF,True,37717,453,349.4
warehouse-20-40-10-2-2.map,55760,17004,200,DCMAPF,True,39136,453,349.9
warehouse-20-40-10-2-2.map,55760,17004,200,DCMAPF,True,38878,452,351.6
warehouse-20-40-10-2-2.map,55760,17004,200,DCMAPF,True,38702,455,352.1
warehouse-20-40-10-2-2.map,55760,17004,200,DCMAPF,True,38133,454,352.4
warehouse-20-40-10-2-2.map,55760,17004,200,DCMAPF,True,40350,450,353.1
warehouse-20-40-10-2-2.map,55760,17004,200,DCMAPF,True,38778,483,353.1
warehouse-20-40-10-2-2.map,55760,17004,200,DCMAPF,True,39475,469,353.4
warehouse-20-40-10-2-2.map,55760,17004,200,DCMAPF,True,38850,456,353.2
warehouse-20-40-10-2-2.map,55760,17004,200,DCMAPF,True,38321,464,353.4
warehouse-20-40-10-2-2.map,55760,17004,200,DCMAPF,True,38114,465,353.8
warehouse-20-40-10-2-2.map,55760,17004,250,DCMAPF,True,46281,418,474.7
warehouse-20-40-10-2-2.map,55760,17004,250,DCMAPF,True,45124,407,476.4
warehouse-20-40-10-2-2.map,55760,17004,250,DCMAPF,True,45121,412,480.2
warehouse-20-40-10-2-2.map,55760,17004,250,DCMAPF,True,44320,433,484.0
warehouse-20-40-10-2-2.map,55760,17004,250,DCMAPF,True,45623,432,486.7
warehouse-20-40-10-2-2.map,55760,17004,250,DCMAPF,True,46613,419,487.5
warehouse-20-40-10-2-2.map,55760,17004,250,DCMAPF,True,45240,439,488.5
warehouse-20-40-10-2-2.map,55760,17004,250,DCMAPF,True,46055,422,493.0
warehouse-20-40-10-2-2.map,55760,17004,250,DCMAPF,True,46466,435,494.9
warehouse-20-40-10-2-2.map,55760,17004,250,DCMAPF,True,45170,431,495.9
warehouse-20-40-10-2-2.map,55760,17004,250,DCMAPF,True,45385,448,498.3
warehouse-20-40-10-2-2.map,55760,17004,250,DCMAPF,True,46620,434,498.6
warehouse-20-40-10-2-2.map,55760,17004,250,DCMAPF,True,44708,456,499.2
warehouse-20-40-10-2-2.map,55760,17004,250,DCMAPF,True,48067,450,501.8
warehouse-20-40-10-2-2.map,55760,17004,250,DCMAPF,True,45283,453,502.5
warehouse-20-40-10-2-2.map,55760,17004,250,DCMAPF,True,47207,452,503.4
warehouse-20-40-10-2-2.map,55760,17004,250,DCMAPF,True,47173,453,503.0
warehouse-20-40-10-2-2.map,55760,17004,250,DCMAPF,True,45689,464,503.6
warehouse-20-40-10-2-2.map,55760,17004,250,DCMAPF,True,45932,454,504.2
warehouse-20-40-10-2-2.map,55760,17004,250,DCMAPF,True,47377,455,504.3
warehouse-20-40-10-2-2.map,55760,17004,250,DCMAPF,True,46006,465,504.9
warehouse-20-40-10-2-2.map,55760,17004,250,DCMAPF,True,46967,452,505.7
warehouse-20-40-10-2-2.map,55760,17004,250,DCMAPF,True,46350,483,505.1
warehouse-20-40-10-2-2.map,55760,17004,250,DCMAPF,True,46955,456,505.3
warehouse-20-40-10-2-2.map,55760,17004,250,DCMAPF,True,47689,469,506.3
warehouse-20-40-10-2-2.map,55760,17004,300,DCMAPF,True,55806,420,612.1
warehouse-20-40-10-2-2.map,55760,17004,300,DCMAPF,True,54331,439,619.6
warehouse-20-40-10-2-2.map,55760,17004,300,DCMAPF,True,54161,431,620.3
warehouse-20-40-10-2-2.map,55760,17004,300,DCMAPF,True,55686,412,622.0
warehouse-20-40-10-2-2.map,55760,17004,300,DCMAPF,True,55445,434,624.0
warehouse-20-40-10-2-2.map,55760,17004,300,DCMAPF,True,56352,435,624.2
warehouse-20-40-10-2-2.map,55760,17004,300,DCMAPF,True,55474,426,624.2
warehouse-20-40-10-2-2.map,55760,17004,300,DCMAPF,True,56232,434,630.3
warehouse-20-40-10-2-2.map,55760,17004,300,DCMAPF,True,56979,431,631.2
warehouse-20-40-10-2-2.map,55760,17004,300,DCMAPF,True,54593,445,632.5
warehouse-20-40-10-2-2.map,55760,17004,300,DCMAPF,True,54794,448,636.7
warehouse-20-40-10-2-2.map,55760,17004,300,DCMAPF,True,54928,454,636.6
warehouse-20-40-10-2-2.map,55760,17004,300,DCMAPF,True,58238,452,643.8
warehouse-20-40-10-2-2.map,55760,17004,300,DCMAPF,True,56335,455,644.3
warehouse-20-40-10-2-2.map,55760,17004,300,DCMAPF,True,54398,456,644.7
warehouse-20-40-10-2-2.map,55760,17004,300,DCMAPF,True,55546,457,645.1
warehouse-20-40-10-2-2.map,55760,17004,300,DCMAPF,True,56105,469,646.2
warehouse-20-40-10-2-2.map,55760,17004,300,DCMAPF,True,57472,453,646.3
warehouse-20-40-10-2-2.map,55760,17004,300,DCMAPF,True,56995,452,646.6
warehouse-20-40-10-2-2.map,55760,17004,300,DCMAPF,True,56413,464,646.1
warehouse-20-40-10-2-2.map,55760,17004,300,DCMAPF,True,57298,464,646.3
warehouse-20-40-10-2-2.map,55760,17004,300,DCMAPF,True,57527,459,647.8
warehouse-20-40-10-2-2.map,55760,17004,300,DCMAPF,True,55958,468,648.7
warehouse-20-40-10-2-2.map,55760,17004,300,DCMAPF,True,57206,469,650.3
warehouse-20-40-10-2-2.map,55760,17004,300,DCMAPF,True,55879,483,650.0
warehouse-20-40-10-2-2.map,55760,17004,350,DCMAPF,True,65590,420,819.0
warehouse-20-40-10-2-2.map,55760,17004,350,DCMAPF,True,64651,434,828.2
warehouse-20-40-10-2-2.map,55760,17004,350,DCMAPF,True,64986,439,831.4
warehouse-20-40-10-2-2.map,55760,17004,350,DCMAPF,True,65097,426,838.7
warehouse-20-40-10-2-2.map,55760,17004,350,DCMAPF,True,64719,412,838.3
warehouse-20-40-10-2-2.map,55760,17004,350,DCMAPF,True,64896,435,839.2
warehouse-20-40-10-2-2.map,55760,17004,350,DCMAPF,True,66340,431,842.5
warehouse-20-40-10-2-2.map,55760,17004,350,DCMAPF,True,62726,445,847.1
warehouse-20-40-10-2-2.map,55760,17004,350,DCMAPF,True,64056,431,847.5
warehouse-20-40-10-2-2.map,55760,17004,350,DCMAPF,True,65918,434,849.2
warehouse-20-40-10-2-2.map,55760,17004,350,DCMAPF,True,63687,456,858.0
warehouse-20-40-10-2-2.map,55760,17004,350,DCMAPF,True,64173,448,857.8
warehouse-20-40-10-2-2.map,55760,17004,350,DCMAPF,True,64045,454,858.9
warehouse-20-40-10-2-2.map,55760,17004,350,DCMAPF,True,67339,452,860.7
warehouse-20-40-10-2-2.map,55760,17004,350,DCMAPF,True,66349,452,861.8
warehouse-20-40-10-2-2.map,55760,17004,350,DCMAPF,True,65315,464,866.3
warehouse-20-40-10-2-2.map,55760,17004,350,DCMAPF,True,65344,455,867.1
warehouse-20-40-10-2-2.map,55760,17004,350,DCMAPF,True,66919,453,866.5
warehouse-20-40-10-2-2.map,55760,17004,350,DCMAPF,True,65184,457,868.6
warehouse-20-40-10-2-2.map,55760,17004,350,DCMAPF,True,66093,469,869.0
warehouse-20-40-10-2-2.map,55760,17004,350,DCMAPF,True,66749,459,869.1
warehouse-20-40-10-2-2.map,55760,17004,350,DCMAPF,True,65706,464,868.9
warehouse-20-40-10-2-2.map,55760,17004,350,DCMAPF,True,66101,469,870.7
warehouse-20-40-10-2-2.map,55760,17004,350,DCMAPF,True,64649,483,871.1
warehouse-20-40-10-2-2.map,55760,17004,350,DCMAPF,True,65212,468,871.5
warehouse-20-40-10-2-2.map,55760,17004,400,DCMAPF,True,73412,439,1043.8
warehouse-20-40-10-2-2.map,55760,17004,400,DCMAPF,True,73934,435,1046.8
warehouse-20-40-10-2-2.map,55760,17004,400,DCMAPF,True,75505,424,1050.2
warehouse-20-40-10-2-2.map,55760,17004,400,DCMAPF,True,73467,412,1052.0
warehouse-20-40-10-2-2.map,55760,17004,400,DCMAPF,True,74407,434,1055.9
warehouse-20-40-10-2-2.map,55760,17004,400,DCMAPF,True,73732,434,1060.4
warehouse-20-40-10-2-2.map,55760,17004,400,DCMAPF,True,73483,426,1061.2
warehouse-20-40-10-2-2.map,55760,17004,400,DCMAPF,True,72663,431,1061.9
warehouse-20-40-10-2-2.map,55760,17004,400,DCMAPF,True,75384,431,1063.7
warehouse-20-40-10-2-2.map,55760,17004,400,DCMAPF,True,70752,445,1064.2
warehouse-20-40-10-2-2.map,55760,17004,400,DCMAPF,True,73511,448,1080.1
warehouse-20-40-10-2-2.map,55760,17004,400,DCMAPF,True,71684,456,1082.3
warehouse-20-40-10-2-2.map,55760,17004,400,DCMAPF,True,72682,454,1085.1
warehouse-20-40-10-2-2.map,55760,17004,400,DCMAPF,True,75052,452,1088.6
warehouse-20-40-10-2-2.map,55760,17004,400,DCMAPF,True,74221,464,1091.4
warehouse-20-40-10-2-2.map,55760,17004,400,DCMAPF,True,76726,455,1093.8
warehouse-20-40-10-2-2.map,55760,17004,400,DCMAPF,True,74349,457,1095.0
warehouse-20-40-10-2-2.map,55760,17004,400,DCMAPF,True,75049,464,1096.2
warehouse-20-40-10-2-2.map,55760,17004,400,DCMAPF,True,74654,455,1097.2
warehouse-20-40-10-2-2.map,55760,17004,400,DCMAPF,True,74664,469,1098.0
warehouse-20-40-10-2-2.map,55760,17004,400,DCMAPF,True,74101,471,1100.2
warehouse-20-40-10-2-2.map,55760,17004,400,DCMAPF,True,75446,459,1100.5
warehouse-20-40-10-2-2.map,55760,17004,400,DCMAPF,True,74930,469,1102.0
warehouse-20-40-10-2-2.map,55760,17004,400,DCMAPF,True,73768,483,1103.0
warehouse-20-40-10-2-2.map,55760,17004,400,DCMAPF,True,75872,483,1107.7
warehouse-20-40-10-2-2.map,55760,17004,450,DCMAPF,True,81831,439,1274.4
warehouse-20-40-10-2-2.map,55760,17004,450,DCMAPF,True,81510,426,1296.2
warehouse-20-40-10-2-2.map,55760,17004,450,DCMAPF,True,84652,420,1297.0
warehouse-20-40-10-2-2.map,55760,17004,450,DCMAPF,True,83185,435,1302.6
warehouse-20-40-10-2-2.map,55760,17004,450,DCMAPF,True,82041,431,1305.8
warehouse-20-40-10-2-2.map,55760,17004,450,DCMAPF,True,84178,434,1310.7
warehouse-20-40-10-2-2.map,55760,17004,450,DCMAPF,True,82950,434,1314.3
warehouse-20-40-10-2-2.map,55760,17004,450,DCMAPF,True,84403,431,1322.3
warehouse-20-40-10-2-2.map,55760,17004,450,DCMAPF,True,80503,445,1325.3
warehouse-20-40-10-2-2.map,55760,17004,450,DCMAPF,True,82617,432,1325.6
warehouse-20-40-10-2-2.map,55760,17004,450,DCMAPF,True,84147,452,1337.2
warehouse-20-40-10-2-2.map,55760,17004,450,DCMAPF,True,83387,448,1338.8
warehouse-20-40-10-2-2.map,55760,17004,450,DCMAPF,True,80153,456,1344.6
warehouse-20-40-10-2-2.map,55760,17004,450,DCMAPF,True,81969,454,1345.1
warehouse-20-40-10-2-2.map,55760,17004,450,DCMAPF,True,83364,455,1347.2
warehouse-20-40-10-2-2.map,55760,17004,450,DCMAPF,True,84292,469,1352.8
warehouse-20-40-10-2-2.map,55760,17004,450,DCMAPF,True,83699,464,1353.2
warehouse-20-40-10-2-2.map,55760,17004,450,DCMAPF,True,83702,457,1354.3
warehouse-20-40-10-2-2.map,55760,17004,450,DCMAPF,True,85394,455,1355.6
warehouse-20-40-10-2-2.map,55760,17004,450,DCMAPF,True,83654,464,1355.9
warehouse-20-40-10-2-2.map,55760,17004,450,DCMAPF,True,84678,459,1356.2
warehouse-20-40-10-2-2.map,55760,17004,450,DCMAPF,True,84051,469,1360.9
warehouse-20-40-10-2-2.map,55760,17004,450,DCMAPF,True,83196,471,1363.6
warehouse-20-40-10-2-2.map,55760,17004,450,DCMAPF,True,83314,483,1367.4
warehouse-20-40-10-2-2.map,55760,17004,450,DCMAPF,True,84802,483,1372.8
